{
    "FORECAST": {
        "KEY": "dbc03034b28dc9a934d3725985f7b8c0",
        "LATLON": [45.7972438, 9.2854348]
    },
    "CORE": {
        "PINS": [7, 11, 13, 15, 19],
        "ON": 300000,
        "OFF": 3000,
        "WHEN": [9, 20]
    }
}